filename,label
multimodal_negative_005.mp4,0
audio_only_neutral_001.mp4,1
audio_only_neutral_002.mp4,1
multimodal_neutral_004.mp4,1
multimodal_negative_001.mp4,0
multimodal_neutral_002.mp4,1
video_only_positive_005.mp4,2
video_only_neutral_003.mp4,1
video_only_negative_004.mp4,0
video_only_positive_004.mp4,2
video_only_negative_002.mp4,0
audio_only_negative_005.mp4,0
multimodal_positive_003.mp4,2
audio_only_positive_005.mp4,2
audio_only_positive_003.mp4,2
video_only_neutral_004.mp4,1
multimodal_neutral_003.mp4,1
audio_only_positive_001.mp4,2
video_only_negative_005.mp4,0
audio_only_positive_002.mp4,2
multimodal_negative_003.mp4,0
multimodal_positive_002.mp4,2
audio_only_neutral_003.mp4,1
video_only_positive_001.mp4,2
multimodal_positive_001.mp4,2
audio_only_neutral_005.mp4,1
video_only_negative_001.mp4,0
video_only_neutral_002.mp4,1
multimodal_positive_004.mp4,2
video_only_positive_002.mp4,2
multimodal_neutral_001.mp4,1
